Campaign	Ad group	Keyword	Match type
BDS_Search_Brand_DuAn	brand-beachtro-tower	beachtro tower	Exact
BDS_Search_Brand_DuAn	brand-beachtro-tower	beachtro tower giá	Exact
BDS_Search_Brand_DuAn	brand-beachtro-tower	beachtro tower bảng giá	Exact
BDS_Search_Brand_DuAn	brand-beachtro-tower	beachtro tower giá bao nhiêu	Phrase
BDS_Search_Brand_DuAn	brand-beachtro-tower	beachtro tower mở bán	Exact
BDS_Search_Brand_DuAn	brand-beachtro-tower	beachtro tower mua	Phrase
BDS_Search_Brand_DuAn	brand-beachtro-tower	beachtro tower chính sách bán hàng	Phrase
BDS_Search_Brand_DuAn	brand-beachtro-tower	beachtro tower tiến độ thanh toán	Phrase
BDS_Search_Brand_DuAn	brand-beachtro-tower	beachtro tower blanca city	Exact
BDS_Search_Brand_DuAn	brand-beachtro-tower	beachtro tower blanca city giá	Exact
BDS_Search_Brand_DuAn	brand-beachtro-tower	beachtro tower blanca city bảng giá	Exact
BDS_Search_Brand_DuAn	brand-beachtro-tower	beachtro tower blanca city giá bao nhiêu	Phrase
BDS_Search_Brand_DuAn	brand-beachtro-tower	beachtro tower blanca city mở bán	Exact
BDS_Search_Brand_DuAn	brand-beachtro-tower	beachtro tower blanca city mua	Phrase
BDS_Search_Brand_DuAn	brand-beachtro-tower	beachtro tower blanca city chính sách bán hàng	Phrase
BDS_Search_Brand_DuAn	brand-beachtro-tower	beachtro tower blanca city tiến độ thanh toán	Phrase
BDS_Search_Brand_DuAn	brand-beachtro-tower	beachtro vũng tàu	Exact
BDS_Search_Brand_DuAn	brand-beachtro-tower	beachtro vũng tàu giá	Exact
BDS_Search_Brand_DuAn	brand-beachtro-tower	beachtro vũng tàu bảng giá	Exact
BDS_Search_Brand_DuAn	brand-beachtro-tower	beachtro vũng tàu giá bao nhiêu	Phrase
BDS_Search_Brand_DuAn	brand-beachtro-tower	beachtro vũng tàu mở bán	Exact
BDS_Search_Brand_DuAn	brand-beachtro-tower	beachtro vũng tàu mua	Phrase
BDS_Search_Brand_DuAn	brand-beachtro-tower	beachtro vũng tàu chính sách bán hàng	Phrase
BDS_Search_Brand_DuAn	brand-beachtro-tower	beachtro vũng tàu tiến độ thanh toán	Phrase
BDS_Search_Brand_DuAn	brand-beachtro-tower	căn hộ beachtro	Exact
BDS_Search_Brand_DuAn	brand-beachtro-tower	căn hộ beachtro giá	Exact
BDS_Search_Brand_DuAn	brand-beachtro-tower	căn hộ beachtro bảng giá	Exact
BDS_Search_Brand_DuAn	brand-beachtro-tower	căn hộ beachtro giá bao nhiêu	Phrase
BDS_Search_Brand_DuAn	brand-beachtro-tower	căn hộ beachtro mở bán	Exact
BDS_Search_Brand_DuAn	brand-beachtro-tower	căn hộ beachtro mua	Phrase
BDS_Search_Brand_DuAn	brand-beachtro-tower	căn hộ beachtro chính sách bán hàng	Phrase
BDS_Search_Brand_DuAn	brand-beachtro-tower	căn hộ beachtro tiến độ thanh toán	Phrase
BDS_Search_Brand_DuAn	brand-beachtro-tower	tháp beachtro	Exact
BDS_Search_Brand_DuAn	brand-beachtro-tower	tháp beachtro giá	Exact
BDS_Search_Brand_DuAn	brand-beachtro-tower	tháp beachtro bảng giá	Exact
BDS_Search_Brand_DuAn	brand-beachtro-tower	tháp beachtro giá bao nhiêu	Phrase
BDS_Search_Brand_DuAn	brand-beachtro-tower	tháp beachtro mở bán	Exact
BDS_Search_Brand_DuAn	brand-beachtro-tower	tháp beachtro mua	Phrase
BDS_Search_Brand_DuAn	brand-beachtro-tower	tháp beachtro chính sách bán hàng	Phrase
BDS_Search_Brand_DuAn	brand-beachtro-tower	tháp beachtro tiến độ thanh toán	Phrase
BDS_Search_Brand_DuAn	brand-blanca-city	blanca city	Exact
BDS_Search_Brand_DuAn	brand-blanca-city	blanca city giá	Exact
BDS_Search_Brand_DuAn	brand-blanca-city	blanca city bảng giá	Exact
BDS_Search_Brand_DuAn	brand-blanca-city	blanca city giá bao nhiêu	Phrase
BDS_Search_Brand_DuAn	brand-blanca-city	blanca city mở bán	Exact
BDS_Search_Brand_DuAn	brand-blanca-city	blanca city mua	Phrase
BDS_Search_Brand_DuAn	brand-blanca-city	blanca city chính sách bán hàng	Phrase
BDS_Search_Brand_DuAn	brand-blanca-city	blanca city tiến độ thanh toán	Phrase
BDS_Search_Brand_DuAn	brand-blanca-city	blanca city vũng tàu	Exact
BDS_Search_Brand_DuAn	brand-blanca-city	blanca city vũng tàu giá	Exact
BDS_Search_Brand_DuAn	brand-blanca-city	blanca city vũng tàu bảng giá	Exact
BDS_Search_Brand_DuAn	brand-blanca-city	blanca city vũng tàu giá bao nhiêu	Phrase
BDS_Search_Brand_DuAn	brand-blanca-city	blanca city vũng tàu mở bán	Exact
BDS_Search_Brand_DuAn	brand-blanca-city	blanca city vũng tàu mua	Phrase
BDS_Search_Brand_DuAn	brand-blanca-city	blanca city vũng tàu chính sách bán hàng	Phrase
BDS_Search_Brand_DuAn	brand-blanca-city	blanca city vũng tàu tiến độ thanh toán	Phrase
BDS_Search_Brand_DuAn	brand-blanca-city	blanca city sun group	Exact
BDS_Search_Brand_DuAn	brand-blanca-city	blanca city sun group giá	Exact
BDS_Search_Brand_DuAn	brand-blanca-city	blanca city sun group bảng giá	Exact
BDS_Search_Brand_DuAn	brand-blanca-city	blanca city sun group giá bao nhiêu	Phrase
BDS_Search_Brand_DuAn	brand-blanca-city	blanca city sun group mở bán	Exact
BDS_Search_Brand_DuAn	brand-blanca-city	blanca city sun group mua	Phrase
BDS_Search_Brand_DuAn	brand-blanca-city	blanca city sun group chính sách bán hàng	Phrase
BDS_Search_Brand_DuAn	brand-blanca-city	blanca city sun group tiến độ thanh toán	Phrase
BDS_Search_Brand_DuAn	brand-blanca-city	đại đô thị blanca city	Exact
BDS_Search_Brand_DuAn	brand-blanca-city	đại đô thị blanca city giá	Exact
BDS_Search_Brand_DuAn	brand-blanca-city	đại đô thị blanca city bảng giá	Exact
BDS_Search_Brand_DuAn	brand-blanca-city	đại đô thị blanca city giá bao nhiêu	Phrase
BDS_Search_Brand_DuAn	brand-blanca-city	đại đô thị blanca city mở bán	Exact
BDS_Search_Brand_DuAn	brand-blanca-city	đại đô thị blanca city mua	Phrase
BDS_Search_Brand_DuAn	brand-blanca-city	đại đô thị blanca city chính sách bán hàng	Phrase
BDS_Search_Brand_DuAn	brand-blanca-city	đại đô thị blanca city tiến độ thanh toán	Phrase
BDS_Search_Brand_DuAn	brand-blanca-city	sun blanca city	Exact
BDS_Search_Brand_DuAn	brand-blanca-city	sun blanca city giá	Exact
BDS_Search_Brand_DuAn	brand-blanca-city	sun blanca city bảng giá	Exact
BDS_Search_Brand_DuAn	brand-blanca-city	sun blanca city giá bao nhiêu	Phrase
BDS_Search_Brand_DuAn	brand-blanca-city	sun blanca city mở bán	Exact
BDS_Search_Brand_DuAn	brand-blanca-city	sun blanca city mua	Phrase
BDS_Search_Brand_DuAn	brand-blanca-city	sun blanca city chính sách bán hàng	Phrase
BDS_Search_Brand_DuAn	brand-blanca-city	sun blanca city tiến độ thanh toán	Phrase
