keyword,vol_thang,canh_tranh,bid_thap_d,bid_cao_d
blanca city,12100,LOW,8897,30582
blanca city vũng tàu,4400,LOW,9041,37392
sun blanca city,1300,LOW,9867,37059
blanca city sun group,480,LOW,11054,42616
blanca city giá,110,LOW,7991,37532
blanca city vũng tàu giá,70,MEDIUM,9041,39513
blanca city mở bán,20,MEDIUM,6493,60890
blanca city giá bao nhiêu,10,MEDIUM,5104,29584
beachtro tower,0,UNSPECIFIED,0,0
beachtro tower blanca city,0,UNSPECIFIED,0,0
beachtro tower blanca city bảng giá,0,UNSPECIFIED,0,0
beachtro tower blanca city chính sách bán hàng,0,UNSPECIFIED,0,0
beachtro tower blanca city giá,0,UNSPECIFIED,0,0
beachtro tower blanca city giá bao nhiêu,0,UNSPECIFIED,0,0
beachtro tower blanca city mua,0,UNSPECIFIED,0,0
beachtro tower blanca city mở bán,0,UNSPECIFIED,0,0
beachtro tower blanca city tiến độ thanh toán,0,UNSPECIFIED,0,0
beachtro tower bảng giá,0,UNSPECIFIED,0,0
beachtro tower chính sách bán hàng,0,UNSPECIFIED,0,0
beachtro tower giá,0,UNSPECIFIED,0,0
beachtro tower giá bao nhiêu,0,UNSPECIFIED,0,0
beachtro tower mua,0,UNSPECIFIED,0,0
beachtro tower mở bán,0,UNSPECIFIED,0,0
beachtro tower tiến độ thanh toán,0,UNSPECIFIED,0,0
beachtro vũng tàu,0,UNSPECIFIED,0,0
beachtro vũng tàu bảng giá,0,UNSPECIFIED,0,0
beachtro vũng tàu chính sách bán hàng,0,UNSPECIFIED,0,0
beachtro vũng tàu giá,0,UNSPECIFIED,0,0
beachtro vũng tàu giá bao nhiêu,0,UNSPECIFIED,0,0
beachtro vũng tàu mua,0,UNSPECIFIED,0,0
beachtro vũng tàu mở bán,0,UNSPECIFIED,0,0
beachtro vũng tàu tiến độ thanh toán,0,UNSPECIFIED,0,0
căn hộ beachtro,0,UNSPECIFIED,0,0
căn hộ beachtro bảng giá,0,UNSPECIFIED,0,0
căn hộ beachtro chính sách bán hàng,0,UNSPECIFIED,0,0
căn hộ beachtro giá,0,UNSPECIFIED,0,0
căn hộ beachtro giá bao nhiêu,0,UNSPECIFIED,0,0
căn hộ beachtro mua,0,UNSPECIFIED,0,0
căn hộ beachtro mở bán,0,UNSPECIFIED,0,0
căn hộ beachtro tiến độ thanh toán,0,UNSPECIFIED,0,0
tháp beachtro,0,UNSPECIFIED,0,0
tháp beachtro bảng giá,0,UNSPECIFIED,0,0
tháp beachtro chính sách bán hàng,0,UNSPECIFIED,0,0
tháp beachtro giá,0,UNSPECIFIED,0,0
tháp beachtro giá bao nhiêu,0,UNSPECIFIED,0,0
tháp beachtro mua,0,UNSPECIFIED,0,0
tháp beachtro mở bán,0,UNSPECIFIED,0,0
tháp beachtro tiến độ thanh toán,0,UNSPECIFIED,0,0
blanca city bảng giá,0,UNSPECIFIED,0,0
blanca city chính sách bán hàng,0,UNSPECIFIED,0,0
blanca city mua,0,UNSPECIFIED,0,0
blanca city sun group bảng giá,0,UNSPECIFIED,0,0
blanca city sun group chính sách bán hàng,0,UNSPECIFIED,0,0
blanca city sun group giá,0,UNSPECIFIED,0,0
blanca city sun group giá bao nhiêu,0,UNSPECIFIED,0,0
blanca city sun group mua,0,UNSPECIFIED,0,0
blanca city sun group mở bán,0,UNSPECIFIED,0,0
blanca city sun group tiến độ thanh toán,0,UNSPECIFIED,0,0
blanca city tiến độ thanh toán,0,UNSPECIFIED,0,0
blanca city vũng tàu bảng giá,0,UNSPECIFIED,0,0
blanca city vũng tàu chính sách bán hàng,0,UNSPECIFIED,0,0
blanca city vũng tàu giá bao nhiêu,0,UNSPECIFIED,0,0
blanca city vũng tàu mua,0,UNSPECIFIED,0,0
blanca city vũng tàu mở bán,0,UNSPECIFIED,0,0
blanca city vũng tàu tiến độ thanh toán,0,UNSPECIFIED,0,0
sun blanca city bảng giá,0,UNSPECIFIED,0,0
sun blanca city chính sách bán hàng,0,UNSPECIFIED,0,0
sun blanca city giá,0,UNSPECIFIED,0,0
sun blanca city giá bao nhiêu,0,UNSPECIFIED,0,0
sun blanca city mua,0,UNSPECIFIED,0,0
sun blanca city mở bán,0,UNSPECIFIED,0,0
sun blanca city tiến độ thanh toán,0,UNSPECIFIED,0,0
đại đô thị blanca city,0,UNSPECIFIED,0,0
đại đô thị blanca city bảng giá,0,UNSPECIFIED,0,0
đại đô thị blanca city chính sách bán hàng,0,UNSPECIFIED,0,0
đại đô thị blanca city giá,0,UNSPECIFIED,0,0
đại đô thị blanca city giá bao nhiêu,0,UNSPECIFIED,0,0
đại đô thị blanca city mua,0,UNSPECIFIED,0,0
đại đô thị blanca city mở bán,0,UNSPECIFIED,0,0
đại đô thị blanca city tiến độ thanh toán,0,UNSPECIFIED,0,0
